Frame Offset; Frame Index; Frame Time (ms); Time from first frame (ms)
0;1;21.09;0
1;2;18.0963;21.0900001525879
2;3;25.2189;39.18630027771
3;4;25.1747;64.405200958252
4;5;24.7321;89.5799007415771
5;6;25.574;114.312000274658
6;7;25.2584;139.885999679565
7;8;26.2826;165.144399642944
8;9;26.0739;191.427000045776
9;10;27.6225;217.500900268555
10;11;25.0355;245.123399734497
11;12;25.7124;270.158899307251
12;13;25.8152;295.871299743652
13;14;28.1532;321.686500549316
14;15;26.385;349.839700698853
15;16;25.4525;376.224700927734
16;17;25.6055;401.677200317383
17;18;25.8956;427.282699584961
18;19;26.8028;453.178298950195
19;20;25.0634;479.981098175049
20;21;26.9852;505.044498443604
21;22;25.6664;532.029699325562
22;23;25.1013;557.696098327637
23;24;26.1519;582.797397613525
24;25;24.8546;608.949296951294
25;26;26.584;633.803895950317
26;27;24.9463;660.387895584106
27;28;25.7318;685.334196090698
28;29;27.8436;711.065996170044
29;30;25.1515;738.909595489502
30;31;25.549;764.061096191406
31;32;25.4457;789.610095977783
32;33;25.7173;815.055795669556
33;34;25.2455;840.773096084595
34;35;25.5431;866.01859664917
35;36;25.5;891.561697006226
36;37;26.5343;917.061697006226
37;38;25.6151;943.595996856689
38;39;25.0729;969.211097717285
39;40;24.8597;994.28399848938
40;41;25.4088;1019.14369773865
41;42;26.1715;1044.55249786377
42;43;24.9092;1070.72399711609
43;44;25.6393;1095.63319778442
44;45;25.2773;1121.27249717712
45;46;25.5511;1146.54979705811
46;47;25.6629;1172.10089683533
47;48;28.8948;1197.76379585266
48;49;24.9971;1226.65859603882
49;50;26.1324;1251.6556968689
50;51;26.2114;1277.78809738159
51;52;24.2455;1303.99949645996
52;53;25.4593;1328.24499702454
53;54;25.6589;1353.70429611206
54;55;25.0724;1379.36319541931
55;56;25.4254;1404.43559455872
56;57;25.6882;1429.86099433899
57;58;25.6427;1455.54919433594
58;59;25.7865;1481.19189453125
59;60;24.9379;1506.97839355469
60;61;25.4917;1531.9162940979
61;62;25.7191;1557.40799331665
62;63;25.7885;1583.12709236145
63;64;24.7514;1608.9155921936
64;65;26.051;1633.6669921875
65;66;25.2633;1659.71799278259
66;67;26.4364;1684.98129272461
67;68;27.8535;1711.41769218445
68;69;25.1873;1739.27119255066
69;70;25.5891;1764.45849227905
70;71;25.8494;1790.04759216309
71;72;25.172;1815.89699172974
72;73;25.5806;1841.06899261475
73;74;25.5901;1866.64959335327
74;75;25.2479;1892.23969268799
75;76;25.8508;1917.48759269714
76;77;25.3551;1943.33839225769
77;78;26.823;1968.6934928894
78;79;23.9858;1995.51649284363
79;80;25.1957;2019.50229263306
80;81;25.6441;2044.69799232483
81;82;25.1807;2070.34209251404
82;83;25.5969;2095.52279281616
83;84;25.7864;2121.11969184875
84;85;25.7444;2146.90609169006
85;86;24.6417;2172.65049171448
86;87;28.9187;2197.29219245911
87;88;25.5553;2226.21089172363
88;89;26.1296;2251.76619148254
89;90;24.7657;2277.89579200745
90;91;25.6105;2302.66149139404
91;92;25.5122;2328.27199172974
92;93;26.5012;2353.78419113159
93;94;24.478;2380.28539085388
94;95;25.6452;2404.76339149475
95;96;4.0334;2430.40859222412
96;97;21.036;2434.44199228287
97;98;51.488;2455.47799158096
98;99;25.6191;2506.96599054337
99;100;25.3609;2532.58509111404
100;101;25.3503;2557.94599199295
101;102;25.4731;2583.29629182816
102;103;25.7259;2608.76939249039
103;104;25.1676;2634.49529314041
104;105;25.2611;2659.66289377213
105;106;26.0587;2684.92399454117
106;107;28.1984;2710.98269510269
107;108;26.0873;2739.18109560013
108;109;25.1169;2765.26839494705
109;110;25.4893;2790.38529443741
110;111;25.3865;2815.87459421158
111;112;25.5016;2841.26109361649
112;113;25.9428;2866.76269388199
113;114;25.1911;2892.70549440384
114;115;25.3399;2917.89659357071
115;116;25.3893;2943.23649263382
116;117;26.5478;2968.62579202652
117;118;24.4977;2995.17359209061
118;119;25.444;3019.67129182816
119;120;25.5555;3045.1152920723
120;121;25.231;3070.67079210281
121;122;25.518;3095.90179109573
122;123;26.3359;3121.41979074478
123;124;25.1719;3147.75569009781
124;125;25.2196;3172.92758989334
125;126;28.6139;3198.14719057083
126;127;25.6091;3226.76108980179
127;128;25.6681;3252.37019014359
128;129;24.805;3278.03829050064
129;130;26.405;3302.84329080582
130;131;24.7404;3329.24829149246
131;132;26.3464;3353.98869180679
132;133;24.6379;3380.33509111404
133;134;26.6162;3404.97299051285
134;135;24.6233;3431.58919000626
135;136;25.6307;3456.21249055862
136;137;25.8364;3481.84318971634
137;138;24.6247;3507.67958879471
138;139;25.3675;3532.30428934097
139;140;25.8672;3557.67178964615
140;141;25.2644;3583.53899049759
141;142;25.3565;3608.80339097977
142;143;25.6097;3634.15989160538
143;144;25.5383;3659.76959085464
144;145;26.0531;3685.30789041519
145;146;28.1357;3711.36099100113
146;147;25.2354;3739.49669122696
147;148;25.7765;3764.73209047318
148;149;25.517;3790.50859117508
149;150;25.7997;3816.02559137344
150;151;25.7981;3841.82529115677
151;152;25.0283;3867.62339067459
152;153;24.7595;3892.65169000626
153;154;4.2246;3917.4111905098
154;155;47.5924;3921.63579034805
155;156;24.749;3969.22818994522
156;157;25.3799;3993.97719049454
157;158;25.8148;4019.35709047318
158;159;25.2811;4045.17189073563
159;160;25.6861;4070.45299005508
160;161;25.296;4096.13909006119
161;162;25.5451;4121.43508958817
162;163;25.3986;4146.98018884659
163;164;25.1927;4172.37878847122
164;165;29.249;4197.57148790359
165;166;25.0347;4226.82048845291
166;167;25.6522;4251.85518884659
167;168;25.487;4277.50738954544
168;169;25.8581;4302.99438905716
169;170;25.1231;4328.85248804092
170;171;26.2898;4353.97558832169
171;172;26.2576;4380.26538896561
172;173;24.0741;4406.52298974991
173;174;25.0847;4430.59709024429
174;175;26.0368;4455.68178987503
175;176;25.2814;4481.71859025955
176;177;25.2669;4506.99999094009
177;178;715.3085;4532.26689004898
178;179;25.0044;5247.57536172867
179;180;25.4715;5272.57976198196
180;181;24.9783;5298.05126237869
181;182;25.4103;5323.0295624733
182;183;25.4624;5348.43986177444
183;184;25.5792;5373.90226221085
184;185;25.8337;5399.48146295547
185;186;25.4948;5425.31516313553
186;187;24.9486;5450.80996370316
187;188;25.4099;5475.7585644722
188;189;25.9485;5501.16846513748
189;190;25.0231;5527.11696481705
190;191;28.0002;5552.14006471634
191;192;24.423;5580.14026498795
192;193;24.1512;5604.56326532364
193;194;25.4293;5628.71446466446
194;195;26.0595;5654.14376497269
195;196;25.1525;5680.20326471329
196;197;28.797;5705.35576486588
197;198;25.0765;5734.15276384354
198;199;25.4209;5759.2292637825
199;200;25.5473;5784.65016412735
200;201;25.37;5810.19746446609
201;202;26.2656;5835.56746530533
202;203;25.0691;5861.8330655098
203;204;25.907;5886.90216493607
204;205;25.4108;5912.80916452408
205;206;24.5542;5938.21996355057
206;207;25.5023;5962.77416276932
207;208;25.4025;5988.27646303177
208;209;25.6398;6013.67896318436
209;210;25.7525;6039.3187623024
210;211;25.8489;6065.07126283646
211;212;24.8357;6090.92016267776
212;213;25.1244;6115.75586175919
213;214;25.8357;6140.88026094437
214;215;25.9682;6166.71596002579
215;216;27.6918;6192.68416070938
216;217;25.7338;6220.3759598732
217;218;25.8127;6246.10976076126
218;219;25.9062;6271.92246103287
219;220;24.7721;6297.8286614418
220;221;25.4086;6322.60076189041
221;222;26.2277;6348.00936174393
222;223;24.8578;6374.23706102371
223;224;25.3653;6399.09486055374
224;225;25.566;6424.46015977859
225;226;25.3713;6450.02615976334
226;227;25.6129;6475.39745950699
227;228;25.6352;6501.01035928726
228;229;25.0529;6526.64555978775
229;230;25.4968;6551.69846010208
230;231;25.7717;6577.19525957108
231;232;25.4993;6602.96695947647
232;233;25.3039;6628.46625947952
233;234;25.5063;6653.77015924454
234;235;25.9873;6679.27645921707
235;236;27.9568;6705.26376008987
236;237;25.6522;6733.22056055069
237;238;25.7524;6758.87276124954
238;239;25.5449;6784.62516069412
239;240;4.6897;6810.17005968094
240;241;46.2701;6814.85975980759
241;242;25.2297;6861.12985944748
242;243;26.494;6886.35955953598
243;244;24.743;6912.85355901718
244;245;25.0423;6937.5965590477
245;246;25.8494;6962.63885831833
246;247;25.0319;6988.48825788498
247;248;25.6446;7013.52015829086
248;249;25.6444;7039.16475820541
249;250;25.286;7064.80915784836
250;251;25.6935;7090.09515714645
251;252;25.4579;7115.78865766525
252;253;26.0457;7141.24655675888
253;254;24.6276;7167.29225683212
254;255;27.5839;7191.91985654831
255;256;27.2048;7219.50375699997
256;257;25.0866;7246.70855665207
257;258;25.6394;7271.79515600204
258;259;25.2373;7297.43455648422
259;260;25.5444;7322.67185735703
260;261;25.2537;7348.2162566185
261;262;25.9371;7373.46995687485
262;263;25.1576;7399.40705633163
263;264;26.3827;7424.56465673447
264;265;24.3881;7450.9473567009
265;266;25.6256;7475.33545637131
266;267;25.9675;7500.96105718613
267;268;24.9532;7526.92855787277
268;269;25.7021;7551.88175725937
269;270;25.3479;7577.58385801315
270;271;25.3248;7602.93175840378
271;272;25.7254;7628.25655889511
272;273;25.1302;7653.98195791245
273;274;26.5505;7679.11215734482
274;275;27.7261;7705.66265821457
275;276;25.1875;7733.38875722885
276;277;25.6558;7758.57625722885
277;278;26.1269;7784.23205709457
278;279;24.6747;7810.35895681381
279;280;25.5669;7835.03365659714
280;281;25.4459;7860.60055685043
281;282;25.9526;7886.04645681381
282;283;25.1578;7911.99905729294
283;284;25.6743;7937.15685796738
284;285;25.5642;7962.83115720749
285;286;25.5227;7988.39535665512
286;287;25.6635;8013.9180560112
287;288;24.703;8039.58155584335
288;289;25.5096;8064.28455495834
289;290;25.5744;8089.79415464401
290;291;25.4691;8115.36855459213
291;292;25.6402;8140.83765363693
292;293;25.1078;8166.47785329819
293;294;27.6413;8191.58565282822
294;295;27.3714;8219.22695302963
295;296;24.5671;8246.59835386276
296;297;25.579;8271.16545438766
297;298;25.4599;8296.74445486069
298;299;25.3162;8322.20435476303
299;300;25.5989;8347.52055501938
300;301;25.7519;8373.11945486069
301;302;25.5194;8398.87135457993
302;303;25.3717;8424.39075422287
303;304;25.3162;8449.76245450974
304;305;25.3903;8475.07865476608
305;306;25.6697;8500.46895551682
306;307;25.4266;8526.13865613937
307;308;25.4457;8551.56525564194
308;309;25.2374;8577.01095533371
309;310;25.8194;8602.24835538864
310;311;26.659;8628.06775617599
311;312;24.2852;8654.72675657272
312;313;25.2003;8679.01195669174
313;314;28.7216;8704.21225690842
314;315;25.154;8732.93385648727
315;316;25.4606;8758.08785581589
316;317;26.6161;8783.54845571518
317;318;24.4346;8810.16455602646
318;319;25.5621;8834.59915685654
319;320;25.2251;8860.16125631332
320;321;25.805;8885.38635587692
321;322;25.4705;8911.1913561821
322;323;25.2251;8936.66185522079
323;324;25.359;8961.88695478439
324;325;25.4058;8987.24595403671
325;326;1507.151;9012.65175390244
326;327;8.0785;10519.8025107384
327;328;21.5567;10527.8810105324
328;329;24.8488;10549.4377102852
329;330;25.8864;10574.2865109444
330;331;24.9723;10600.1729111671
331;332;25.583;10625.145210743
332;333;25.5846;10650.7282109261
333;334;25.4318;10676.3128113747
334;335;4.8353;10701.7446122169
335;336;49.8071;10706.5799121857
336;337;25.1128;10756.3870105743
337;338;25.2789;10781.4998111725
338;339;25.5456;10806.778711319
339;340;25.768;10832.3243103027
340;341;25.4714;10858.0923099518
341;342;25.3634;10883.563709259
342;343;25.4446;10908.9271087646
343;344;25.4482;10934.3717079163
344;345;25.4839;10959.8199081421
345;346;25.3461;10985.3038082123
346;347;24.9969;11010.6499080658
347;348;25.7126;11035.6468086243
348;349;25.9124;11061.3594093323
349;350;25.179;11087.2718086243
350;351;25.4126;11112.4508094788
351;352;25.4752;11137.8634090424
352;353;26.1811;11163.3386096954
353;354;25.3389;11189.5197105408
354;355;28.1281;11214.8586101532
355;356;25.8006;11242.9867095947
356;357;25.3588;11268.7873096466
357;358;25.0166;11294.1461105347
358;359;25.5368;11319.1627101898
359;360;25.6495;11344.6995105743
360;361;25.6172;11370.3490104675
361;362;25.2321;11395.966211319
362;363;26.5602;11421.1983108521
363;364;24.3602;11447.7585105896
364;365;4.5519;11472.1187114716
365;366;46.6718;11476.6706113815
366;367;25.4009;11523.3424100876
367;368;25.4439;11548.7433099747
368;369;26.1684;11574.1872091293
369;370;24.827;11600.3556089401
370;371;25.2317;11625.1826086044
371;372;25.4246;11650.4143075943
372;373;26.0554;11675.8389081955
373;374;28.1143;11701.8943090439
374;375;25.3619;11730.0086088181
375;376;27.7209;11755.3705091476
376;377;23.75;11783.0914087296
377;378;25.3559;11806.8414087296
378;379;25.6066;11832.1973085403
379;380;25.3512;11857.8039083481
380;381;25.4887;11883.1551084518
381;382;25.4003;11908.6438093185
382;383;24.9229;11934.0441083908
383;384;26.7905;11958.967007637
384;385;24.3677;11985.7575082779
385;386;25.4337;12010.1252088547
386;387;25.6334;12035.5589094162
387;388;26.3893;12061.1923093796
388;389;24.7716;12087.5816087723
389;390;25.1163;12112.3532094955
390;391;25.3577;12137.4695100784
391;392;26.5322;12162.8272104263
392;393;25.0304;12189.3594102859
393;394;28.1879;12214.3898096085
394;395;25.0927;12242.5777101517
395;396;4.3462;12267.6704092026
396;397;47.0465;12272.0166091919
397;398;25.0345;12319.0631103516
398;399;26.1319;12344.0976104736
399;400;25.1536;12370.229511261
400;401;25.2729;12395.3831119537
401;402;25.4222;12420.6560115814
402;403;25.5201;12446.0782108307
403;404;25.5616;12471.5983104706
404;405;26.0873;12497.159910202
405;406;33.1144;12523.247209549
406;407;18.7376;12556.3616085052
407;408;24.6028;12575.0992088318
408;409;25.416;12599.702009201
409;410;24.9921;12625.1180095673
410;411;25.5096;12650.1101093292
411;412;25.3491;12675.6197090149
412;413;30.0336;12700.9688091278
413;414;23.8589;12731.0024089813
414;415;26.1062;12754.8613090515
415;416;25.6209;12780.967508316
416;417;24.8998;12806.5884075165
417;418;25.5263;12831.4882068634
418;419;25.6025;12857.0145072937
419;420;25.4763;12882.6170063019
420;421;25.0195;12908.0933055878
421;422;25.4006;12933.1128063202
422;423;25.8618;12958.5134067535
423;424;25.2451;12984.3752059937
424;425;25.9256;13009.620306015
425;426;24.9306;13035.5459060669
426;427;26.4284;13060.4765052795
427;428;24.6103;13086.9049053192
428;429;25.2605;13111.5152053833
429;430;26.2642;13136.7757053375
430;431;24.8374;13163.0399055481
431;432;26.3886;13187.8773059845
432;433;27.9805;13214.2659053802
433;434;25.093;13242.2464046478
434;435;25.9996;13267.3394050598
435;436;25.7014;13293.3390045166
436;437;24.7954;13319.0404052734
437;438;25.9226;13343.8358058929
438;439;25.6173;13369.7584056854
439;440;25.3878;13395.375705719
440;441;25.1788;13420.7635059357
441;442;25.7595;13445.9423065186
442;443;25.4028;13471.7018070221
443;444;25.5513;13497.1046066284
444;445;25.1597;13522.6559066772
445;446;25.5163;13547.8156070709
446;447;25.5109;13573.3319072723
447;448;25.7625;13598.8428077698
448;449;24.978;13624.6053085327
449;450;25.6801;13649.5833091736
450;451;25.3564;13675.2634086609
451;452;27.8623;13700.619808197
452;453;26.5835;13728.4821090698
453;454;24.912;13755.0656089783
454;455;26.3827;13779.9776096344
455;456;24.9501;13806.3603096008
456;457;25.3231;13831.3104095459
457;458;25.3618;13856.6335086823
458;459;26.1207;13881.9953079224
459;460;24.9813;13908.1160087585
460;461;25.175;13933.0973091125
461;462;25.4738;13958.2723083496
462;463;25.4997;13983.7461090088
463;464;25.4473;14009.2458095551
464;465;25.5744;14034.6931095123
465;466;25.4183;14060.2675094604
466;467;25.5062;14085.6858100891
467;468;25.3763;14111.1920108795
468;469;25.639;14136.5683116913
469;470;25.5241;14162.2073116302
470;471;25.7774;14187.7314109802
471;472;28.3831;14213.5088100433
472;473;25.8249;14241.891910553
473;474;24.6641;14267.7168102264
474;475;26.2939;14292.3809108734
475;476;24.5877;14318.6748104095
476;477;25.9303;14343.2625102997
477;478;25.7736;14369.1928100586
478;479;25.499;14394.9664096832
479;480;24.969;14420.4654102325
480;481;26.2348;14445.4344100952
481;482;24.4754;14471.669210434
482;483;25.8751;14496.1446094513
483;484;25.4794;14522.0197086334
484;485;24.9541;14547.4991092682
485;486;25.7707;14572.4532089233
486;487;25.4636;14598.2239093781
487;488;25.5105;14623.6875095367
488;489;25.2545;14649.198009491
489;490;26.3042;14674.4525089264
490;491;26.7451;14700.7567081451
491;492;27.615;14727.5018081665
492;493;24.4348;14755.1168079376
493;494;25.4416;14779.551607132
494;495;25.574;14804.9932079315
495;496;25.0001;14830.5672073364
496;497;25.7626;14855.5673065186
497;498;26.0731;14881.3299064636
498;499;25.1928;14907.4030056
499;500;25.2636;14932.5958061218
500;501;25.2235;14957.8594055176
501;502;25.6966;14983.0829048157
502;503;25.2873;15008.779504776
503;504;25.3803;15034.0668048859
504;505;25.4828;15059.4471054077
505;506;25.7557;15084.9299049377
506;507;25.624;15110.6856040955
507;508;24.9877;15136.3096046448
508;509;25.7677;15161.2973041534
509;510;25.9714;15187.0650043488
510;511;27.7942;15213.036403656
511;512;25.3897;15240.8306026459
512;513;25.599;15266.2203025818
513;514;25.4855;15291.8193016052
514;515;25.4281;15317.3048019409
515;516;25.3469;15342.7329025269
516;517;25.441;15368.0798015594
517;518;25.6021;15393.5208015442
518;519;25.54;15419.1229019165
519;520;25.5197;15444.6629009247
520;521;26.6061;15470.1826000214
521;522;24.7823;15496.7887001038
522;523;26.0438;15521.5709991455
523;524;24.4133;15547.6147994995
524;525;26.0246;15572.0280990601
525;526;24.6759;15598.0526981354
526;527;25.865;15622.728597641
527;528;25.0456;15648.5935974121
528;529;25.5891;15673.6391963959
529;530;27.9815;15699.2282962799
530;531;26.625;15727.2097969055
531;532;24.8783;15753.8347969055
532;533;25.5168;15778.7130966187
533;534;25.7231;15804.2298965454
534;535;25.1114;15829.9529972076
535;536;26.2079;15855.0643978119
536;537;24.9421;15881.2722969055
537;538;25.7636;15906.2143974304
538;539;24.7859;15931.9779968262
539;540;25.7888;15956.7638969421
540;541;25.1981;15982.552696228
541;542;25.796;16007.7507953644
542;543;25.2496;16033.5467948914
543;544;26.1213;16058.7963943481
544;545;25.2559;16084.9176940918
545;546;24.7908;16110.1735935211
546;547;25.445;16134.9643936157
547;548;25.5514;16160.4093933105
548;549;25.9047;16185.9607925415
549;550;28.2568;16211.8654918671
550;551;25.5826;16240.1222915649
551;552;26.0624;16265.7048912048
552;553;25.6642;16291.7672920227
553;554;24.2897;16317.4314918518
554;555;26.1629;16341.7211914063
555;556;24.9514;16367.8840904236
556;557;25.864;16392.8354911804
557;558;25.2785;16418.6994915009
558;559;25.1003;16443.9779911041
559;560;25.5868;16469.0782909393
560;561;26.2484;16494.6650905609
561;562;25.1893;16520.9134902954
562;563;25.1818;16546.1027908325
563;564;25.1532;16571.2845916748
564;565;25.3674;16596.4377918243
565;566;25.5813;16621.80519104
566;567;25.4776;16647.3864917755
567;568;26.4581;16672.8640918732
568;569;26.4456;16699.3221912384
569;570;27.4583;16725.767791748
570;571;24.5822;16753.2260913849
571;572;25.4835;16777.8082904816
572;573;26.0735;16803.2917900085
573;574;25.0895;16829.3652896881
574;575;25.5037;16854.4547901154
575;576;25.65;16879.9584903717
576;577;25.1269;16905.6084899902
577;578;25.2367;16930.7353897095
578;579;26.323;16955.9720897675
579;580;24.5086;16982.2950897217
580;581;25.8115;17006.8036899567
581;582;25.3808;17032.615190506
582;583;25.4557;17057.9959907532
583;584;25.3867;17083.4516906738
584;585;25.6864;17108.8383903503
585;586;25.2311;17134.5247898102
586;587;25.6983;17159.7558898926
587;588;25.9486;17185.4541893005
588;589;28.4858;17211.4027900696
589;590;25.3212;17239.888589859
590;591;25.0777;17265.2097892761
591;592;25.5177;17290.2874889374
592;593;25.6795;17315.8051891327
593;594;25.3574;17341.4846897125
594;595;25.5164;17366.8420886993
595;596;25.5253;17392.3584880829
596;597;25.2532;17417.8837871552
597;598;26.0003;17443.1369876862
598;599;25.0565;17469.1372871399
599;600;25.2831;17494.1937866211
600;601;25.4282;17519.4768867493
601;602;25.5203;17544.9050865173
602;603;26.0588;17570.4253864288
603;604;25.0684;17596.4841861725
604;605;25.6085;17621.5525856018
605;606;25.0726;17647.1610851288
606;607;25.5021;17672.2336845398
607;608;27.762;17697.7357845306
608;609;26.6696;17725.4977836609
609;610;24.9;17752.167383194
610;611;25.5962;17777.0673828125
611;612;25.8445;17802.6635818481
612;613;25.4227;17828.5080814362
613;614;25.2291;17853.9307823181
614;615;25.6647;17879.1598815918
615;616;25.4298;17904.8245811462
616;617;25.0405;17930.2543811798
617;618;25.6523;17955.2948818207
618;619;26.5576;17980.9471817017
619;620;24.5974;18007.504781723
620;621;25.0973;18032.1021823883
621;622;25.5447;18057.1994819641
622;623;25.3153;18082.7441825867
623;624;25.8398;18108.0594825745
624;625;25.4825;18133.8992824554
625;626;25.7333;18159.3817825317
626;627;25.0588;18185.1150817871
627;628;28.3698;18210.1738815308
628;629;25.2804;18238.5436820984
629;630;25.8773;18263.8240814209
630;631;25.0372;18289.7013816833
631;632;25.669;18314.7385807037
632;633;25.6865;18340.4075813293
633;634;25.4342;18366.0940818787
634;635;24.969;18391.5282821655
635;636;25.8738;18416.4972820282
636;637;25.9739;18442.3710823059
637;638;24.5994;18468.3449821472
638;639;25.6488;18492.9443817139
639;640;25.476;18518.5931816101
640;641;25.2018;18544.0691814423
641;642;25.9285;18569.270980835
642;643;24.9754;18595.1994800568
643;644;25.7139;18620.1748790741
644;645;25.3767;18645.8887786865
645;646;25.9753;18671.2654781342
646;647;26.1901;18697.2407779694
647;648;27.1421;18723.4308776855
648;649;25.7581;18750.572977066
649;650;25.2449;18776.3310775757
650;651;25.8199;18801.5759773254
651;652;25.8893;18827.3958778381
652;653;25.0299;18853.2851772308
653;654;25.5541;18878.315076828
654;655;25.2581;18903.8691768646
655;656;4.5173;18929.1272773743
656;657;46.6739;18933.6445775032
657;658;25.5876;18980.3184781075
658;659;25.0293;19005.9060788155
659;660;25.3365;19030.9353795052
660;661;25.9469;19056.271879673
661;662;25.5745;19082.2187790871
662;663;24.8586;19107.7932782173
663;664;25.27;19132.6518788338
664;665;25.7196;19157.9218792915
665;666;25.474;19183.641479969
666;667;28.7267;19209.1154789925
667;668;25.4765;19237.8421788216
668;669;25.3624;19263.3186783791
669;670;25.2726;19288.681078434
670;671;25.7738;19313.9536786079
671;672;25.095;19339.7274785042
672;673;25.5635;19364.8224778175
673;674;25.4217;19390.3859772682
674;675;26.1134;19415.8076767921
675;676;24.833;19441.9210762978
676;677;25.3775;19466.7540764809
677;678;4.6824;19492.1315770149
678;679;47.0323;19496.8139772415
679;680;24.6393;19543.8462762833
680;681;26.2269;19568.485575676
681;682;25.0295;19594.7124757767
682;683;25.611;19619.7419748306
683;684;24.8268;19645.3529748917
684;685;25.8101;19670.1797742844
685;686;25.551;19695.9898748398
686;687;28.7908;19721.5408754349
687;688;24.8733;19750.3316755295
688;689;25.9956;19775.2049760818
689;690;24.9155;19801.2005758286
690;691;25.4632;19826.1160764694
691;692;25.244;19851.5792760849
692;693;26.1946;19876.8232755661
693;694;25.145;19903.0178747177
694;695;25.5716;19928.1628751755
695;696;25.9481;19953.7344751358
696;697;24.6437;19979.6825742722
697;698;25.8113;20004.3262739182
698;699;25.1304;20030.1375741959
699;700;25.5684;20055.2679738998
700;701;25.0174;20080.8363733292
701;702;25.5838;20105.8537740707
702;703;25.6064;20131.4375734329
703;704;25.5819;20157.0439729691
704;705;25.9077;20182.625872612
705;706;28.5353;20208.533572197
706;707;25.1629;20237.0688714981
707;708;25.4508;20262.2317705154
708;709;25.2272;20287.6825704575
709;710;25.8093;20312.9097700119
710;711;25.1316;20338.7190694809
711;712;25.3901;20363.8506689072
712;713;25.7473;20389.2407693863
713;714;25.4592;20414.9880685806
714;715;25.6345;20440.447268486
715;716;24.9616;20466.0817689896
716;717;25.9984;20491.0433683395
717;718;24.953;20517.041768074
718;719;26.9226;20541.994767189
719;720;24.3784;20568.9173669815
720;721;25.4385;20593.2957677841
721;722;24.9581;20618.7342672348
722;723;25.8649;20643.6923666
723;724;25.6211;20669.557267189
724;725;25.7716;20695.1783666611
725;726;28.0571;20720.9499673843
726;727;25.0877;20749.0070676804
727;728;26.0203;20774.0947675705
728;729;26.9254;20800.115067482
729;730;23.5033;20827.0404672623
730;731;25.3005;20850.5437669754
731;732;25.9752;20875.8442678452
732;733;25.1223;20901.8194684982
733;734;25.8592;20926.9417676926
734;735;25.2172;20952.8009672165
735;736;25.1585;20978.0181665421
736;737;25.7366;21003.1766672134
737;738;25.3265;21028.9132680893
738;739;25.3267;21054.2397680283
739;740;25.4624;21079.5664682388
740;741;25.6059;21105.0288686752
741;742;26.1006;21130.634768486
742;743;25.3979;21156.735367775
743;744;24.7408;21182.1332674026
744;745;27.3723;21206.8740682602
745;746;27.2039;21234.2463674545
746;747;24.7774;21261.4502668381
747;748;25.8314;21286.2276659012
748;749;25.1869;21312.0590658188
749;750;25.9299;21337.245965004
750;751;25.3653;21363.1758642197
751;752;25.1564;21388.5411634445
752;753;25.6635;21413.6975641251
753;754;25.1312;21439.3610639572
754;755;25.7223;21464.4922647476
755;756;25.3298;21490.2145643234
756;757;25.9023;21515.5443639755
757;758;25.1677;21541.4466638565
758;759;25.7621;21566.6143636703
759;760;25.272;21592.3764638901
760;761;25.5893;21617.6484632492
761;762;25.6026;21643.2377634048
762;763;24.9516;21668.8403635025
763;764;26.2755;21693.7919626236
764;765;27.872;21720.0674619675
765;766;26.3557;21747.9394617081
766;767;24.672;21774.2951612473
767;768;24.9625;21798.9671621323
768;769;25.6824;21823.9296617508
769;770;25.3443;21849.6120615005
770;771;26.2467;21874.956360817
771;772;24.7297;21901.2030611038
772;773;25.9226;21925.9327611923
773;774;24.9188;21951.8553609848
774;775;26.5988;21976.7741613388
775;776;24.5404;22003.372961998
776;777;25.3437;22027.9133615494
777;778;25.3851;22053.2570619583
778;779;25.5175;22078.6421613693
779;780;25.7858;22104.159661293
780;781;25.067;22129.9454603195
781;782;25.3449;22155.0124597549
782;783;25.4496;22180.3573598862
783;784;28.8661;22205.8069601059
784;785;25.7261;22234.6730604172
785;786;24.9846;22260.3991594315
786;787;25.355;22285.3837594986
787;788;25.4643;22310.7387590408
788;789;25.7497;22336.2030591965
789;790;24.9747;22361.9527597427
790;791;26.7192;22386.9274587631
791;792;24.4445;22413.6466588974
792;793;25.4934;22438.0911588669
793;794;25.3409;22463.5845594406
794;795;25.6796;22488.9254598618
795;796;25.1061;22514.6050596237
796;797;25.682;22539.7111597061
797;798;25.6092;22565.3931589127
798;799;25.3262;22591.0023584366
799;800;25.4419;22616.3285589218
800;801;25.8721;22641.7704591751
801;802;25.9264;22667.6425600052
802;803;25.1486;22693.5689592361
803;804;28.5153;22718.7175588608
804;805;25.7077;22747.2328596115
805;806;24.8706;22772.9405603409
806;807;25.7648;22797.8111600876
807;808;25.5163;22823.5759592056
808;809;25.4013;22849.092259407
809;810;25.2367;22874.4935598373
810;811;25.5696;22899.7302598953
811;812;25.6818;22925.2998590469
812;813;25.2825;22950.9816598892
813;814;25.2422;22976.2641592026
814;815;26.1372;23001.506360054
815;816;25.2369;23027.6435594559
816;817;25.2019;23052.8804597855
817;818;25.5045;23078.0823602676
818;819;25.211;23103.5868597031
819;820;25.6582;23128.7978601456
820;821;25.4596;23154.4560594559
821;822;25.2915;23179.9156599045
822;823;28.5012;23205.207159996
823;824;26.4103;23233.7083597183
824;825;25.1973;23260.1186590195
825;826;26.862;23285.3159589767
826;827;23.972;23312.1779584885
827;828;25.552;23336.1499586105
828;829;25.7243;23361.7019586563
829;830;25.2598;23387.4262590408
830;831;25.4873;23412.6860589981
831;832;25.2941;23438.1733598709
832;833;25.5238;23463.4674596786
833;834;25.3032;23488.9912595749
834;835;25.81;23514.294459343
835;836;25.4147;23540.1044588089
836;837;25.3083;23565.5191583633
837;838;25.362;23590.8274583817
838;839;25.5016;23616.1894578934
839;840;25.6013;23641.6910581589
840;841;25.4151;23667.2923574448
841;842;25.622;23692.7074575424
842;843;28.9883;23718.329457283
843;844;25.2877;23747.3177576065
844;845;25.4203;23772.6054582596
845;846;25.4578;23798.0257577896
846;847;25.4678;23823.4835577011
847;848;25.6644;23848.9513578415
848;849;25.4315;23874.6157579422
849;850;25.1261;23900.0472574234
850;851;27.2395;23925.1733579636
851;852;23.9926;23952.4128580093
852;853;25.4121;23976.4054574966
853;854;26.5443;24001.8175573349
854;855;24.1858;24028.3618574142
855;856;25.7157;24052.5476579666
856;857;25.2853;24078.2633581161
857;858;26.0341;24103.5486574173
858;859;24.9661;24129.5827569962
859;860;25.4716;24154.5488576889
860;861;25.5297;24180.0204572678
861;862;27.5107;24205.5501565933
862;863;27.1738;24233.0608568192
863;864;25.1747;24260.2346563339
864;865;25.3215;24285.4093561172
865;866;25.306;24310.7308568954
866;867;25.5387;24336.0368566513
867;868;25.4086;24361.5755567551
868;869;25.4183;24386.9841566086
869;870;25.4595;24412.4024572372
870;871;25.5709;24437.8619565964
871;872;25.1438;24463.4328565598
872;873;25.678;24488.5766572952
873;874;26.4344;24514.2546567917
874;875;26.1368;24540.6890573502
875;876;4.2881;24566.8258581161
